audio_path,duration_in_sec,duration_in_min,title,sr,vocal_path
/scratch/fc2355/RawDataOfRapAndSpeech/SpeechRawData/10 Things Portland Trail Blazer Jerami Grant Can't Live Without ÔΩú GQ Sports.wav,540,9:00,10 Things Portland Trail Blazer Jerami Grant Can't Live Without | GQ Sports,48000,/scratch/fc2355/separated_speech/htdemucs_ft/10_Things_Portland_Trail_Blazer_Jerami_Grant_Cant_Live_Without_GQ_Sports/vocals.wav
/scratch/fc2355/RawDataOfRapAndSpeech/SpeechRawData/10 Things Formula 1 Driver Daniel Ricciardo Can't Live Without ÔΩú GQ Sports.wav,368,6:08,10 Things Formula 1 Driver Daniel Ricciardo Can't Live Without | GQ Sports,48000,/scratch/fc2355/separated_speech/htdemucs_ft/10_Things_Formula_1_Driver_Daniel_Ricciardo_Cant_Live_Without_GQ_Sports/vocals.wav
/scratch/fc2355/RawDataOfRapAndSpeech/SpeechRawData/10 Things FINNEAS Can't Live Without ÔΩú GQ.wav,715,11:55,10 Things FINNEAS Can't Live Without | GQ,48000,/scratch/fc2355/separated_speech/htdemucs_ft/10_Things_FINNEAS_Cant_Live_Without_GQ/vocals.wav
/scratch/fc2355/RawDataOfRapAndSpeech/SpeechRawData/10 Things Camila Cabello Can't Live Without ÔΩú GQ.wav,451,7:31,10 Things Camila Cabello Can't Live Without | GQ,48000,/scratch/fc2355/separated_speech/htdemucs_ft/10_Things_Camila_Cabello_Cant_Live_Without_GQ/vocals.wav
/scratch/fc2355/RawDataOfRapAndSpeech/SpeechRawData/10 Things Victor Oladipo Can't Live Without ÔΩú GQ Sports.wav,386,6:26,10 Things Victor Oladipo Can't Live Without | GQ Sports,48000,/scratch/fc2355/separated_speech/htdemucs_ft/10_Things_Victor_Oladipo_Cant_Live_Without_GQ_Sports/vocals.wav
/scratch/fc2355/RawDataOfRapAndSpeech/SpeechRawData/Samuel L. Jackson Answers the Web's Most Searched Questions ÔΩú WIRED.wav,232,3:52,Samuel L. Jackson Answers the Web's Most Searched Questions | WIRED,48000,/scratch/fc2355/separated_speech/htdemucs_ft/Samuel_L_Jackson_Answers_the_Webs_Most_Searched_Questions_WIRED/vocals.wav
/scratch/fc2355/RawDataOfRapAndSpeech/SpeechRawData/10 Things Track Star Sydney McLaughlin-Levrone Can't Live Without ÔΩú GQ Sports.wav,465,7:45,10 Things Track Star Sydney McLaughlin-Levrone Can't Live Without | GQ Sports,48000,/scratch/fc2355/separated_speech/htdemucs_ft/10_Things_Track_Star_Sydney_McLaughlinLevrone_Cant_Live_Without_GQ_Sports/vocals.wav
/scratch/fc2355/RawDataOfRapAndSpeech/SpeechRawData/Rihanna's Epic 10-Minute Guide to Going Out Makeup ÔΩú Beauty Secrets ÔΩú Vogue.wav,628,10:28,Rihanna's Epic 10-Minute Guide to Going Out Makeup | Beauty Secrets | Vogue,48000,/scratch/fc2355/separated_speech/htdemucs_ft/Rihannas_Epic_10Minute_Guide_to_Going_Out_Makeup_Beauty_Secrets_Vogue/vocals.wav
/scratch/fc2355/RawDataOfRapAndSpeech/SpeechRawData/10 Things Sex Education‚Äôs Ncuti Gatwa Can‚Äôt Live Without ÔΩú 10 Essentials.wav,487,8:07,10 Things Sex Education–≤–Ç‚Ñ¢s Ncuti Gatwa Can–≤–Ç‚Ñ¢t Live Without | 10 Essentials,48000,/scratch/fc2355/separated_speech/htdemucs_ft/10_Things_Sex_Educations_Ncuti_Gatwa_Cant_Live_Without_10_Essentials/vocals.wav
/scratch/fc2355/RawDataOfRapAndSpeech/SpeechRawData/10 Things USWNT's Alex Morgan Can't Live Without ÔΩú GQ Sports.wav,546,9:06,10 Things USWNT's Alex Morgan Can't Live Without | GQ Sports,48000,/scratch/fc2355/separated_speech/htdemucs_ft/10_Things_USWNTs_Alex_Morgan_Cant_Live_Without_GQ_Sports/vocals.wav
/scratch/fc2355/RawDataOfRapAndSpeech/SpeechRawData/Florence Pugh Cooks Garlic Crostini ÔΩú Vogue.wav,526,8:46,Florence Pugh Cooks Garlic Crostini | Vogue,48000,/scratch/fc2355/separated_speech/htdemucs_ft/Florence_Pugh_Cooks_Garlic_Crostini_Vogue/vocals.wav
/scratch/fc2355/RawDataOfRapAndSpeech/SpeechRawData/10 Things Abbott Elementary's Quinta Brunson Can't Live Without ÔΩú GQ.wav,374,6:14,10 Things Abbott Elementary's Quinta Brunson Can't Live Without | GQ,48000,/scratch/fc2355/separated_speech/htdemucs_ft/10_Things_Abbott_Elementarys_Quinta_Brunson_Cant_Live_Without_GQ/vocals.wav
/scratch/fc2355/RawDataOfRapAndSpeech/SpeechRawData/KEN Things Ryan Gosling Can't Live Without ÔΩú GQ.wav,368,6:08,KEN Things Ryan Gosling Can't Live Without | GQ,48000,/scratch/fc2355/separated_speech/htdemucs_ft/KEN_Things_Ryan_Gosling_Cant_Live_Without_GQ/vocals.wav
/scratch/fc2355/RawDataOfRapAndSpeech/SpeechRawData/10 Things Deontay Wilder Can't Live Without ÔΩú GQ Sports.wav,583,9:43,10 Things Deontay Wilder Can't Live Without | GQ Sports,48000,/scratch/fc2355/separated_speech/htdemucs_ft/10_Things_Deontay_Wilder_Cant_Live_Without_GQ_Sports/vocals.wav
/scratch/fc2355/RawDataOfRapAndSpeech/SpeechRawData/Megan Thee Stallion Replies to Fans on the Internet ÔΩú Actually Me ÔΩú GQ.wav,441,7:21,Megan Thee Stallion Replies to Fans on the Internet | Actually Me | GQ,48000,/scratch/fc2355/separated_speech/htdemucs_ft/Megan_Thee_Stallion_Replies_to_Fans_on_the_Internet_Actually_Me_GQ/vocals.wav
/scratch/fc2355/RawDataOfRapAndSpeech/SpeechRawData/10 Things Mark Cuban Can't Live Without ÔΩú GQ.wav,620,10:20,10 Things Mark Cuban Can't Live Without | GQ,48000,/scratch/fc2355/separated_speech/htdemucs_ft/10_Things_Mark_Cuban_Cant_Live_Without_GQ/vocals.wav
/scratch/fc2355/RawDataOfRapAndSpeech/SpeechRawData/10 Things Troye Sivan Can't Live Without ÔΩú GQ.wav,431,7:11,10 Things Troye Sivan Can't Live Without | GQ,48000,/scratch/fc2355/separated_speech/htdemucs_ft/10_Things_Troye_Sivan_Cant_Live_Without_GQ/vocals.wav
/scratch/fc2355/RawDataOfRapAndSpeech/SpeechRawData/Dove Cameron Was Sewn Into Her Dress and Had No Idea ÔΩú Fashion Flashback ÔΩú Harper's BAZAAR.wav,515,8:35,Dove Cameron Was Sewn Into Her Dress and Had No Idea | Fashion Flashback | Harper's BAZAAR,48000,/scratch/fc2355/separated_speech/htdemucs_ft/Dove_Cameron_Was_Sewn_Into_Her_Dress_and_Had_No_Idea_Fashion_Flashback_Harpers_BAZAAR/vocals.wav
/scratch/fc2355/RawDataOfRapAndSpeech/SpeechRawData/Taylor Russell rivela cosa custodisce nella sua borsa ÔΩú Vogue Italia.wav,418,6:58,Taylor Russell rivela cosa custodisce nella sua borsa | Vogue Italia,48000,/scratch/fc2355/separated_speech/htdemucs_ft/Taylor_Russell_rivela_cosa_custodisce_nella_sua_borsa_Vogue_Italia/vocals.wav
/scratch/fc2355/RawDataOfRapAndSpeech/SpeechRawData/Sabrina Carpenter Gets Ready for Vogue World ÔΩú Vogue.wav,309,5:09,Sabrina Carpenter Gets Ready for Vogue World | Vogue,48000,/scratch/fc2355/separated_speech/htdemucs_ft/Sabrina_Carpenter_Gets_Ready_for_Vogue_World_Vogue/vocals.wav
/scratch/fc2355/RawDataOfRapAndSpeech/SpeechRawData/10 Things Katie Brueckner Can't Live Without ÔΩú GQ.wav,940,15:40,10 Things Katie Brueckner Can't Live Without | GQ,48000,/scratch/fc2355/separated_speech/htdemucs_ft/10_Things_Katie_Brueckner_Cant_Live_Without_GQ/vocals.wav
/scratch/fc2355/RawDataOfRapAndSpeech/SpeechRawData/10 Things Jack Harlow Can't Live Without ÔΩú GQ.wav,390,6:30,10 Things Jack Harlow Can't Live Without | GQ,48000,/scratch/fc2355/separated_speech/htdemucs_ft/10_Things_Jack_Harlow_Cant_Live_Without_GQ/vocals.wav
/scratch/fc2355/RawDataOfRapAndSpeech/SpeechRawData/10 Things DDG Can't Live Without ÔΩú GQ.wav,428,7:08,10 Things DDG Can't Live Without | GQ,48000,/scratch/fc2355/separated_speech/htdemucs_ft/10_Things_DDG_Cant_Live_Without_GQ/vocals.wav
/scratch/fc2355/RawDataOfRapAndSpeech/SpeechRawData/10 Things NY Giants LB Kayvon Thibodeaux Can't Live Without ÔΩú GQ Sports.wav,392,6:32,10 Things NY Giants LB Kayvon Thibodeaux Can't Live Without | GQ Sports,48000,/scratch/fc2355/separated_speech/htdemucs_ft/10_Things_NY_Giants_LB_Kayvon_Thibodeaux_Cant_Live_Without_GQ_Sports/vocals.wav
/scratch/fc2355/RawDataOfRapAndSpeech/SpeechRawData/10 Things Detroit Pistons' Cade Cunningham Can't Live Without ÔΩú GQ Sports.wav,372,6:12,10 Things Detroit Pistons' Cade Cunningham Can't Live Without | GQ Sports,48000,/scratch/fc2355/separated_speech/htdemucs_ft/10_Things_Detroit_Pistons_Cade_Cunningham_Cant_Live_Without_GQ_Sports/vocals.wav
/scratch/fc2355/RawDataOfRapAndSpeech/SpeechRawData/10 Things Dennis Rodman Can't Live Without ÔΩú GQ.wav,617,10:17,10 Things Dennis Rodman Can't Live Without | GQ,48000,/scratch/fc2355/separated_speech/htdemucs_ft/10_Things_Dennis_Rodman_Cant_Live_Without_GQ/vocals.wav
/scratch/fc2355/RawDataOfRapAndSpeech/SpeechRawData/10 Things NY Liberty's Sabrina Ionescu Can't Live Without ÔΩú GQ Sports.wav,419,6:59,10 Things NY Liberty's Sabrina Ionescu Can't Live Without | GQ Sports,48000,/scratch/fc2355/separated_speech/htdemucs_ft/10_Things_NY_Libertys_Sabrina_Ionescu_Cant_Live_Without_GQ_Sports/vocals.wav
/scratch/fc2355/RawDataOfRapAndSpeech/SpeechRawData/10 Things Usher Can't Live Without ÔΩú GQ.wav,545,9:05,10 Things Usher Can't Live Without | GQ,48000,/scratch/fc2355/separated_speech/htdemucs_ft/10_Things_Usher_Cant_Live_Without_GQ/vocals.wav
/scratch/fc2355/RawDataOfRapAndSpeech/SpeechRawData/10 Things YG Can't Live Without ÔΩú GQ.wav,292,4:52,10 Things YG Can't Live Without | GQ,48000,/scratch/fc2355/separated_speech/htdemucs_ft/10_Things_YG_Cant_Live_Without_GQ/vocals.wav
/scratch/fc2355/RawDataOfRapAndSpeech/SpeechRawData/Inside Kim Kardashian's Travel Bag ÔΩú In The Bag ÔΩú Vogue Italia.wav,243,4:03,Inside Kim Kardashian's Travel Bag | In The Bag | Vogue Italia,48000,/scratch/fc2355/separated_speech/htdemucs_ft/Inside_Kim_Kardashians_Travel_Bag_In_The_Bag_Vogue_Italia/vocals.wav
/scratch/fc2355/RawDataOfRapAndSpeech/SpeechRawData/Bretman Rock reacts to his favorite Filipino snacks üáµüá≠ü•≠.wav,60,1:00,Bretman Rock reacts to his favorite Filipino snacks —Ä—ü‚Ä°¬µ—Ä—ü‚Ä°¬≠—Ä—ü“ê¬≠,48000,/scratch/fc2355/separated_speech/htdemucs_ft/Bretman_Rock_reacts_to_his_favorite_Filipino_snacks_/vocals.wav
/scratch/fc2355/RawDataOfRapAndSpeech/SpeechRawData/10 Things Timberwolves' Anthony Edwards Can't Live Without ÔΩú GQ Sports.wav,356,5:56,10 Things Timberwolves' Anthony Edwards Can't Live Without | GQ Sports,48000,/scratch/fc2355/separated_speech/htdemucs_ft/10_Things_Timberwolves_Anthony_Edwards_Cant_Live_Without_GQ_Sports/vocals.wav
/scratch/fc2355/RawDataOfRapAndSpeech/SpeechRawData/10 Things Rauw Alejandro Can't Live Without ÔΩú GQ.wav,452,7:32,10 Things Rauw Alejandro Can't Live Without | GQ,48000,/scratch/fc2355/separated_speech/htdemucs_ft/10_Things_Rauw_Alejandro_Cant_Live_Without_GQ/vocals.wav
/scratch/fc2355/RawDataOfRapAndSpeech/SpeechRawData/10 Things Travis Scott Can't Live Without ÔΩú GQ.wav,284,4:44,10 Things Travis Scott Can't Live Without | GQ,48000,/scratch/fc2355/separated_speech/htdemucs_ft/10_Things_Travis_Scott_Cant_Live_Without_GQ/vocals.wav
/scratch/fc2355/RawDataOfRapAndSpeech/SpeechRawData/10 Things Pokimane Can't Live Without ÔΩú GQ.wav,445,7:25,10 Things Pokimane Can't Live Without | GQ,48000,/scratch/fc2355/separated_speech/htdemucs_ft/10_Things_Pokimane_Cant_Live_Without_GQ/vocals.wav
/scratch/fc2355/RawDataOfRapAndSpeech/SpeechRawData/10 Things Liverpool's Virgil van Dijk Can't Live Without ÔΩú GQ Sports.wav,659,10:59,10 Things Liverpool's Virgil van Dijk Can't Live Without | GQ Sports,48000,/scratch/fc2355/separated_speech/htdemucs_ft/10_Things_Liverpools_Virgil_van_Dijk_Cant_Live_Without_GQ_Sports/vocals.wav
/scratch/fc2355/RawDataOfRapAndSpeech/SpeechRawData/10 Things Ty Dolla $ign Can't Live Without ÔΩú GQ.wav,332,5:32,10 Things Ty Dolla $ign Can't Live Without | GQ,48000,/scratch/fc2355/separated_speech/htdemucs_ft/10_Things_Ty_Dolla_ign_Cant_Live_Without_GQ/vocals.wav
/scratch/fc2355/RawDataOfRapAndSpeech/SpeechRawData/Camila Cabello Reveals 19 Facts About Herself in 60 Seconds ÔΩú Teen Vogue.wav,51,51,Camila Cabello Reveals 19 Facts About Herself in 60 Seconds | Teen Vogue,48000,/scratch/fc2355/separated_speech/htdemucs_ft/Camila_Cabello_Reveals_19_Facts_About_Herself_in_60_Seconds_Teen_Vogue/vocals.wav
/scratch/fc2355/RawDataOfRapAndSpeech/SpeechRawData/10 Things Ava Max Can't Live Without ÔΩú GQ.wav,515,8:35,10 Things Ava Max Can't Live Without | GQ,48000,/scratch/fc2355/separated_speech/htdemucs_ft/10_Things_Ava_Max_Cant_Live_Without_GQ/vocals.wav
/scratch/fc2355/RawDataOfRapAndSpeech/SpeechRawData/Zendaya Answers Your DMs and Eats Italian Food ÔΩú Vogue India.wav,361,6:01,Zendaya Answers Your DMs and Eats Italian Food | Vogue India,48000,/scratch/fc2355/separated_speech/htdemucs_ft/Zendaya_Answers_Your_DMs_and_Eats_Italian_Food_Vogue_India/vocals.wav
/scratch/fc2355/RawDataOfRapAndSpeech/SpeechRawData/10 Things Offset Can't Live Without ÔΩú GQ.wav,691,11:31,10 Things Offset Can't Live Without | GQ,48000,/scratch/fc2355/separated_speech/htdemucs_ft/10_Things_Offset_Cant_Live_Without_GQ/vocals.wav
/scratch/fc2355/RawDataOfRapAndSpeech/SpeechRawData/Henry Cavill Reads Thirst Tweets.wav,123,2:03,Henry Cavill Reads Thirst Tweets,48000,/scratch/fc2355/separated_speech/htdemucs_ft/Henry_Cavill_Reads_Thirst_Tweets/vocals.wav
/scratch/fc2355/RawDataOfRapAndSpeech/SpeechRawData/Ariana Greenblatt Was SHOCKED By This $200 Barbie Doll ÔΩú Expensive Taste Test ÔΩú Cosmopolitan.wav,571,9:31,Ariana Greenblatt Was SHOCKED By This $200 Barbie Doll | Expensive Taste Test | Cosmopolitan,48000,/scratch/fc2355/separated_speech/htdemucs_ft/Ariana_Greenblatt_Was_SHOCKED_By_This_200_Barbie_Doll_Expensive_Taste_Test_Cosmopolitan/vocals.wav
/scratch/fc2355/RawDataOfRapAndSpeech/SpeechRawData/Kendall Jenner‚Äôs Guide to ‚ÄúSpring French GirlÔºÇ Makeup ÔΩú Beauty Secrets ÔΩú Vogue.wav,687,11:27,"Kendall Jenner–≤–Ç‚Ñ¢s Guide to –≤–Ç—öSpring French Girl"" Makeup | Beauty Secrets | Vogue",48000,/scratch/fc2355/separated_speech/htdemucs_ft/Kendall_Jenners_Guide_to_Spring_French_Girl_Makeup_Beauty_Secrets_Vogue/vocals.wav
/scratch/fc2355/RawDataOfRapAndSpeech/SpeechRawData/10 Things The 1975's Matty Healy Can't Live Without ÔΩú GQ.wav,348,5:48,10 Things The 1975's Matty Healy Can't Live Without | GQ,48000,/scratch/fc2355/separated_speech/htdemucs_ft/10_Things_The_1975s_Matty_Healy_Cant_Live_Without_GQ/vocals.wav
/scratch/fc2355/RawDataOfRapAndSpeech/SpeechRawData/'BMF' Star Lil Meech Shows Off His Tattoos ÔΩú GQ.wav,228,3:48,'BMF' Star Lil Meech Shows Off His Tattoos | GQ,48000,/scratch/fc2355/separated_speech/htdemucs_ft/BMF_Star_Lil_Meech_Shows_Off_His_Tattoos_GQ/vocals.wav
/scratch/fc2355/RawDataOfRapAndSpeech/SpeechRawData/10 Things USWNT's Kelley O'Hara Can't Live Without ÔΩú GQ Sports.wav,583,9:43,10 Things USWNT's Kelley O'Hara Can't Live Without | GQ Sports,48000,/scratch/fc2355/separated_speech/htdemucs_ft/10_Things_USWNTs_Kelley_OHara_Cant_Live_Without_GQ_Sports/vocals.wav
/scratch/fc2355/RawDataOfRapAndSpeech/SpeechRawData/10 Things F1 Driver Lando Norris Can't Live Without ÔΩú GQ Sports.wav,683,11:23,10 Things F1 Driver Lando Norris Can't Live Without | GQ Sports,48000,/scratch/fc2355/separated_speech/htdemucs_ft/10_Things_F1_Driver_Lando_Norris_Cant_Live_Without_GQ_Sports/vocals.wav
/scratch/fc2355/RawDataOfRapAndSpeech/SpeechRawData/10 Things Kevin Hart Can't Live Without ÔΩú GQ.wav,361,6:01,10 Things Kevin Hart Can't Live Without | GQ,48000,/scratch/fc2355/separated_speech/htdemucs_ft/10_Things_Kevin_Hart_Cant_Live_Without_GQ/vocals.wav
/scratch/fc2355/RawDataOfRapAndSpeech/SpeechRawData/10 Things Devin Haney Can't Live Without ÔΩú GQ Sports.wav,632,10:32,10 Things Devin Haney Can't Live Without | GQ Sports,48000,/scratch/fc2355/separated_speech/htdemucs_ft/10_Things_Devin_Haney_Cant_Live_Without_GQ_Sports/vocals.wav
/scratch/fc2355/RawDataOfRapAndSpeech/SpeechRawData/Blackpink‚Äôs Jennie Gets Ready for the Met Gala ÔΩú Vogue.wav,156,2:36,Blackpink–≤–Ç‚Ñ¢s Jennie Gets Ready for the Met Gala | Vogue,48000,/scratch/fc2355/separated_speech/htdemucs_ft/Blackpinks_Jennie_Gets_Ready_for_the_Met_Gala_Vogue/vocals.wav
/scratch/fc2355/RawDataOfRapAndSpeech/SpeechRawData/Tyla Explains What Makes Her Stand Out as an Artist.wav,32,32,Tyla Explains What Makes Her Stand Out as an Artist,48000,/scratch/fc2355/separated_speech/htdemucs_ft/Tyla_Explains_What_Makes_Her_Stand_Out_as_an_Artist/vocals.wav
/scratch/fc2355/RawDataOfRapAndSpeech/SpeechRawData/10 Things Binging with Babish Can't Live Without ÔΩú GQ.wav,715,11:55,10 Things Binging with Babish Can't Live Without | GQ,48000,/scratch/fc2355/separated_speech/htdemucs_ft/10_Things_Binging_with_Babish_Cant_Live_Without_GQ/vocals.wav
/scratch/fc2355/RawDataOfRapAndSpeech/SpeechRawData/Inside Gigi Hadid's Prada Bag ÔΩú Vogue India.wav,473,7:53,Inside Gigi Hadid's Prada Bag | Vogue India,48000,/scratch/fc2355/separated_speech/htdemucs_ft/Inside_Gigi_Hadids_Prada_Bag_Vogue_India/vocals.wav
/scratch/fc2355/RawDataOfRapAndSpeech/SpeechRawData/73 Questions With Selena Gomez ÔΩú Vogue.wav,461,7:41,73 Questions With Selena Gomez | Vogue,48000,/scratch/fc2355/separated_speech/htdemucs_ft/73_Questions_With_Selena_Gomez_Vogue/vocals.wav
/scratch/fc2355/RawDataOfRapAndSpeech/SpeechRawData/10 Things Chad ÔºÇOchocincoÔºÇ Johnson Can't Live Without ÔΩú GQ Sports.wav,529,8:49,"10 Things Chad ""Ochocinco"" Johnson Can't Live Without | GQ Sports",48000,/scratch/fc2355/separated_speech/htdemucs_ft/10_Things_Chad_Ochocinco_Johnson_Cant_Live_Without_GQ_Sports/vocals.wav
/scratch/fc2355/RawDataOfRapAndSpeech/SpeechRawData/10 Things Lil Uzi Vert Can't Live Without ÔΩú GQ.wav,330,5:30,10 Things Lil Uzi Vert Can't Live Without | GQ,48000,/scratch/fc2355/separated_speech/htdemucs_ft/10_Things_Lil_Uzi_Vert_Cant_Live_Without_GQ/vocals.wav
/scratch/fc2355/RawDataOfRapAndSpeech/SpeechRawData/10 Things Donovan Mitchell Can't Live Without ÔΩú GQ Sports.wav,431,7:11,10 Things Donovan Mitchell Can't Live Without | GQ Sports,48000,/scratch/fc2355/separated_speech/htdemucs_ft/10_Things_Donovan_Mitchell_Cant_Live_Without_GQ_Sports/vocals.wav
/scratch/fc2355/RawDataOfRapAndSpeech/SpeechRawData/10 Things Megan Thee Stallion Can't Live Without ÔΩú GQ.wav,492,8:12,10 Things Megan Thee Stallion Can't Live Without | GQ,48000,/scratch/fc2355/separated_speech/htdemucs_ft/10_Things_Megan_Thee_Stallion_Cant_Live_Without_GQ/vocals.wav
/scratch/fc2355/RawDataOfRapAndSpeech/SpeechRawData/Sabrina CarpenterÔºö In The Bag ÔΩú Episode 57 ÔΩú British Vogue.wav,305,5:05,Sabrina Carpenter: In The Bag | Episode 57 | British Vogue,48000,/scratch/fc2355/separated_speech/htdemucs_ft/Sabrina_Carpenter_In_The_Bag_Episode_57_British_Vogue/vocals.wav
/scratch/fc2355/RawDataOfRapAndSpeech/SpeechRawData/Ice Spice Gets Ready for a Met Gala After-Party ÔΩú Vogue.wav,317,5:17,Ice Spice Gets Ready for a Met Gala AfterParty | Vogue,48000,/scratch/fc2355/separated_speech/htdemucs_ft/Ice_Spice_Gets_Ready_for_a_Met_Gala_AfterParty_Vogue/vocals.wav
/scratch/fc2355/RawDataOfRapAndSpeech/SpeechRawData/10 Things Denzel Curry Can't Live Without ÔΩú GQ.wav,497,8:17,10 Things Denzel Curry Can't Live Without | GQ,48000,/scratch/fc2355/separated_speech/htdemucs_ft/10_Things_Denzel_Curry_Cant_Live_Without_GQ/vocals.wav
/scratch/fc2355/RawDataOfRapAndSpeech/SpeechRawData/Stephen Curry Replies to Fans on the Internet ÔΩú Actually Me ÔΩú GQ Sports.wav,574,9:34,Stephen Curry Replies to Fans on the Internet | Actually Me | GQ Sports,48000,/scratch/fc2355/separated_speech/htdemucs_ft/Stephen_Curry_Replies_to_Fans_on_the_Internet_Actually_Me_GQ_Sports/vocals.wav
/scratch/fc2355/RawDataOfRapAndSpeech/SpeechRawData/Harry talking about his step dadüò≠#harrystyles.wav,37,37,Harry talking about his step dad—Ä—üÔøΩ¬≠#harrystyles,48000,/scratch/fc2355/separated_speech/htdemucs_ft/Harry_talking_about_his_step_dadharrystyles/vocals.wav
/scratch/fc2355/RawDataOfRapAndSpeech/SpeechRawData/Victoria BeckhamÔºö In the Bag ÔΩú Episode 4 ÔΩú British Vogue.wav,162,2:42,Victoria Beckham: In the Bag | Episode 4 | British Vogue,48000,/scratch/fc2355/separated_speech/htdemucs_ft/Victoria_Beckham_In_the_Bag_Episode_4_British_Vogue/vocals.wav
/scratch/fc2355/RawDataOfRapAndSpeech/SpeechRawData/10 Things Austin Butler Can't Live Without ÔΩú GQ.wav,453,7:33,10 Things Austin Butler Can't Live Without | GQ,48000,/scratch/fc2355/separated_speech/htdemucs_ft/10_Things_Austin_Butler_Cant_Live_Without_GQ/vocals.wav
/scratch/fc2355/RawDataOfRapAndSpeech/SpeechRawData/10 Things Jon Bernthal Can't Live Without ÔΩú GQ.wav,467,7:47,10 Things Jon Bernthal Can't Live Without | GQ,48000,/scratch/fc2355/separated_speech/htdemucs_ft/10_Things_Jon_Bernthal_Cant_Live_Without_GQ/vocals.wav
/scratch/fc2355/RawDataOfRapAndSpeech/SpeechRawData/10 Things Lil Baby Can't Live Without ÔΩú GQ.wav,295,4:55,10 Things Lil Baby Can't Live Without | GQ,48000,/scratch/fc2355/separated_speech/htdemucs_ft/10_Things_Lil_Baby_Cant_Live_Without_GQ/vocals.wav
/scratch/fc2355/RawDataOfRapAndSpeech/SpeechRawData/Ice Cube Answers The Web's Most Searched Questions ÔΩú WIRED.wav,374,6:14,Ice Cube Answers The Web's Most Searched Questions | WIRED,48000,/scratch/fc2355/separated_speech/htdemucs_ft/Ice_Cube_Answers_The_Webs_Most_Searched_Questions_WIRED/vocals.wav
/scratch/fc2355/RawDataOfRapAndSpeech/SpeechRawData/Maisie Williams replies to fans on the internet ÔΩú British GQ.wav,583,9:43,Maisie Williams replies to fans on the internet | British GQ,48000,/scratch/fc2355/separated_speech/htdemucs_ft/Maisie_Williams_replies_to_fans_on_the_internet_British_GQ/vocals.wav
/scratch/fc2355/RawDataOfRapAndSpeech/SpeechRawData/10 Things Alessia Cara Can't Live Without ÔΩú GQ.wav,682,11:22,10 Things Alessia Cara Can't Live Without | GQ,48000,/scratch/fc2355/separated_speech/htdemucs_ft/10_Things_Alessia_Cara_Cant_Live_Without_GQ/vocals.wav
/scratch/fc2355/RawDataOfRapAndSpeech/SpeechRawData/eating ONLY Korean food for a WEEK (easy + viral recipes).wav,1337,22:17,eating ONLY Korean food for a WEEK (easy + viral recipes),48000,/scratch/fc2355/separated_speech/htdemucs_ft/eating_ONLY_Korean_food_for_a_WEEK_easy_viral_recipes/vocals.wav
/scratch/fc2355/RawDataOfRapAndSpeech/SpeechRawData/What's In Madison Beer's Chrome Hearts BagÔºü ÔΩú Spill It ÔΩú Refinery29.wav,485,8:05,What's In Madison Beer's Chrome Hearts Bag? | Spill It | Refinery29,48000,/scratch/fc2355/separated_speech/htdemucs_ft/Whats_In_Madison_Beers_Chrome_Hearts_Bag_Spill_It_Refinery29/vocals.wav
/scratch/fc2355/RawDataOfRapAndSpeech/SpeechRawData/10 Things Kehlani Can't Live Without ÔΩú GQ.wav,609,10:09,10 Things Kehlani Can't Live Without | GQ,48000,/scratch/fc2355/separated_speech/htdemucs_ft/10_Things_Kehlani_Cant_Live_Without_GQ/vocals.wav
/scratch/fc2355/RawDataOfRapAndSpeech/SpeechRawData/Emma MackeyÔºö In The Bag ÔΩú Episode 11 ÔΩú British Vogue.wav,218,3:38,Emma Mackey: In The Bag | Episode 11 | British Vogue,48000,/scratch/fc2355/separated_speech/htdemucs_ft/Emma_Mackey_In_The_Bag_Episode_11_British_Vogue/vocals.wav
/scratch/fc2355/RawDataOfRapAndSpeech/SpeechRawData/When Taylor met Benjamin Button #shorts #taylorswift #interview #viral #cat.wav,34,34,When Taylor met Benjamin Button #shorts #taylorswift #interview #viral #cat,48000,/scratch/fc2355/separated_speech/htdemucs_ft/When_Taylor_met_Benjamin_Button_shorts_taylorswift_interview_viral_cat/vocals.wav
/scratch/fc2355/RawDataOfRapAndSpeech/SpeechRawData/Chris Hemsworth Answers Your Questions ÔΩú Actually Me.wav,507,8:27,Chris Hemsworth Answers Your Questions | Actually Me,48000,/scratch/fc2355/separated_speech/htdemucs_ft/Chris_Hemsworth_Answers_Your_Questions_Actually_Me/vocals.wav
/scratch/fc2355/RawDataOfRapAndSpeech/SpeechRawData/Is Taylor Swift a TRUE feministÔºü #shorts #taylorswift #interview #viral.wav,15,15,Is Taylor Swift a TRUE feminist? #shorts #taylorswift #interview #viral,48000,/scratch/fc2355/separated_speech/htdemucs_ft/Is_Taylor_Swift_a_TRUE_feminist_shorts_taylorswift_interview_viral/vocals.wav
/scratch/fc2355/RawDataOfRapAndSpeech/SpeechRawData/10 Things Rich Brian Can't Live Without ÔΩú GQ.wav,618,10:18,10 Things Rich Brian Can't Live Without | GQ,48000,/scratch/fc2355/separated_speech/htdemucs_ft/10_Things_Rich_Brian_Cant_Live_Without_GQ/vocals.wav
/scratch/fc2355/RawDataOfRapAndSpeech/SpeechRawData/10 Things Marques Brownlee Can't Live Without ÔΩú GQ.wav,568,9:28,10 Things Marques Brownlee Can't Live Without | GQ,48000,/scratch/fc2355/separated_speech/htdemucs_ft/10_Things_Marques_Brownlee_Cant_Live_Without_GQ/vocals.wav
/scratch/fc2355/RawDataOfRapAndSpeech/SpeechRawData/10 Things Jeremy Allen White Can't Live Without ÔΩú GQ.wav,720,12:00,10 Things Jeremy Allen White Can't Live Without | GQ,48000,/scratch/fc2355/separated_speech/htdemucs_ft/10_Things_Jeremy_Allen_White_Cant_Live_Without_GQ/vocals.wav
/scratch/fc2355/RawDataOfRapAndSpeech/SpeechRawData/Does SZA Know Her Lyrics From Her Biggest SongsÔºü.wav,626,10:26,Does SZA Know Her Lyrics From Her Biggest Songs?,48000,/scratch/fc2355/separated_speech/htdemucs_ft/Does_SZA_Know_Her_Lyrics_From_Her_Biggest_Songs/vocals.wav
/scratch/fc2355/RawDataOfRapAndSpeech/SpeechRawData/10 Things Reggie Bush Can't Live Without ÔΩú GQ Sports.wav,481,8:01,10 Things Reggie Bush Can't Live Without | GQ Sports,48000,/scratch/fc2355/separated_speech/htdemucs_ft/10_Things_Reggie_Bush_Cant_Live_Without_GQ_Sports/vocals.wav
/scratch/fc2355/RawDataOfRapAndSpeech/SpeechRawData/10 Things Conor McGregor Can't Live Without ÔΩú GQ Sports.wav,494,8:14,10 Things Conor McGregor Can't Live Without | GQ Sports,48000,/scratch/fc2355/separated_speech/htdemucs_ft/10_Things_Conor_McGregor_Cant_Live_Without_GQ_Sports/vocals.wav
/scratch/fc2355/RawDataOfRapAndSpeech/SpeechRawData/10 Things 2 Chainz Can't Live Without ÔΩú GQ.wav,311,5:11,10 Things 2 Chainz Can't Live Without | GQ,48000,/scratch/fc2355/separated_speech/htdemucs_ft/10_Things_2_Chainz_Cant_Live_Without_GQ/vocals.wav
/scratch/fc2355/RawDataOfRapAndSpeech/SpeechRawData/Inside Heartstopper Star Kit Connor‚Äôs Backpack ÔΩú In The Bag.wav,280,4:40,Inside Heartstopper Star Kit Connor–≤–Ç‚Ñ¢s Backpack | In The Bag,48000,/scratch/fc2355/separated_speech/htdemucs_ft/Inside_Heartstopper_Star_Kit_Connors_Backpack_In_The_Bag/vocals.wav
/scratch/fc2355/RawDataOfRapAndSpeech/SpeechRawData/10 Things Liverpool's Trent Alexander-Arnold Can't Live Without ÔΩú GQ Sports.wav,683,11:23,10 Things Liverpool's Trent AlexanderArnold Can't Live Without | GQ Sports,48000,/scratch/fc2355/separated_speech/htdemucs_ft/10_Things_Liverpools_Trent_AlexanderArnold_Cant_Live_Without_GQ_Sports/vocals.wav
/scratch/fc2355/RawDataOfRapAndSpeech/SpeechRawData/10 Things Damson Idris Can't Live Without ÔΩú GQ.wav,572,9:32,10 Things Damson Idris Can't Live Without | GQ,48000,/scratch/fc2355/separated_speech/htdemucs_ft/10_Things_Damson_Idris_Cant_Live_Without_GQ/vocals.wav
"/scratch/fc2355/RawDataOfRapAndSpeech/SpeechRawData/Grammy-Winner Coco Jones's 'Quick, Girl Just Do It' Routine ÔΩú Beauty Secrets ÔΩú Vogue.wav",553,9:13,"Grammy-Winner Coco Jones's 'Quick, Girl Just Do It' Routine | Beauty Secrets | Vogue",48000,/scratch/fc2355/separated_speech/htdemucs_ft/GrammyWinner_Coco_Joness_Quick_Girl_Just_Do_It_Routine_Beauty_Secrets_Vogue/vocals.wav
/scratch/fc2355/RawDataOfRapAndSpeech/SpeechRawData/10 Things Shawn Mendes Can't Live Without ÔΩú GQ.wav,439,7:19,10 Things Shawn Mendes Can't Live Without | GQ,48000,/scratch/fc2355/separated_speech/htdemucs_ft/10_Things_Shawn_Mendes_Cant_Live_Without_GQ/vocals.wav
/scratch/fc2355/RawDataOfRapAndSpeech/SpeechRawData/Things Alia Bhatt Can't Live Without ÔΩú GQ India.wav,488,8:08,Things Alia Bhatt Can't Live Without | GQ India,48000,/scratch/fc2355/separated_speech/htdemucs_ft/Things_Alia_Bhatt_Cant_Live_Without_GQ_India/vocals.wav
/scratch/fc2355/RawDataOfRapAndSpeech/SpeechRawData/10 Things Boxing Champion Dmitry Bivol Can't Live Without ÔΩú GQ Sports.wav,378,6:18,10 Things Boxing Champion Dmitry Bivol Can't Live Without | GQ Sports,48000,/scratch/fc2355/separated_speech/htdemucs_ft/10_Things_Boxing_Champion_Dmitry_Bivol_Cant_Live_Without_GQ_Sports/vocals.wav
/scratch/fc2355/RawDataOfRapAndSpeech/SpeechRawData/10 Things Alan Ritchson Can‚Äôt Live Without ÔΩú 10 Essentials.wav,492,8:12,10 Things Alan Ritchson Can–≤–Ç‚Ñ¢t Live Without | 10 Essentials,48000,/scratch/fc2355/separated_speech/htdemucs_ft/10_Things_Alan_Ritchson_Cant_Live_Without_10_Essentials/vocals.wav
/scratch/fc2355/RawDataOfRapAndSpeech/SpeechRawData/20 Winter Outfits.wav,535,8:55,20 Winter Outfits,48000,/scratch/fc2355/separated_speech/htdemucs_ft/20_Winter_Outfits/vocals.wav
/scratch/fc2355/RawDataOfRapAndSpeech/SpeechRawData/10 Things Mulatto Can't Live Without ÔΩú GQ.wav,474,7:54,10 Things Mulatto Can't Live Without | GQ,48000,/scratch/fc2355/separated_speech/htdemucs_ft/10_Things_Mulatto_Cant_Live_Without_GQ/vocals.wav
/scratch/fc2355/RawDataOfRapAndSpeech/SpeechRawData/Inside Ice Spice‚Äôs Chanel Handbag ÔΩú In The Bag.wav,186,3:06,Inside Ice Spice–≤–Ç‚Ñ¢s Chanel Handbag | In The Bag,48000,/scratch/fc2355/separated_speech/htdemucs_ft/Inside_Ice_Spices_Chanel_Handbag_In_The_Bag/vocals.wav
/scratch/fc2355/RawDataOfRapAndSpeech/SpeechRawData/When Jay Park met BeyonceÃÅ üòÇüòÇüòÇ.wav,34,34,When Jay Park met Beyonc–ì¬© —Ä—üÔøΩ‚Äö—Ä—üÔøΩ‚Äö—Ä—üÔøΩ‚Äö,48000,/scratch/fc2355/separated_speech/htdemucs_ft/When_Jay_Park_met_Beyonce_/vocals.wav
/scratch/fc2355/RawDataOfRapAndSpeech/SpeechRawData/Normani Is Ready to Travel Into a New Era ÔΩú Packed ÔΩú Who What Wear.wav,245,4:05,Normani Is Ready to Travel Into a New Era | Packed | Who What Wear,48000,/scratch/fc2355/separated_speech/htdemucs_ft/Normani_Is_Ready_to_Travel_Into_a_New_Era_Packed_Who_What_Wear/vocals.wav
/scratch/fc2355/RawDataOfRapAndSpeech/SpeechRawData/10 Things Tennis Legend Maria Sharapova Can't Live Without ÔΩú GQ Sports.wav,508,8:28,10 Things Tennis Legend Maria Sharapova Can't Live Without | GQ Sports,48000,/scratch/fc2355/separated_speech/htdemucs_ft/10_Things_Tennis_Legend_Maria_Sharapova_Cant_Live_Without_GQ_Sports/vocals.wav
/scratch/fc2355/RawDataOfRapAndSpeech/SpeechRawData/10 Things Buffalo Bills' Damar Hamlin Can't Live Without ÔΩú GQ Sports.wav,548,9:08,10 Things Buffalo Bills' Damar Hamlin Can't Live Without | GQ Sports,48000,/scratch/fc2355/separated_speech/htdemucs_ft/10_Things_Buffalo_Bills_Damar_Hamlin_Cant_Live_Without_GQ_Sports/vocals.wav
/scratch/fc2355/RawDataOfRapAndSpeech/SpeechRawData/ÊÉ≥Ë¶ÅÊàêÁÇ∫RapStarÂóéÔºüJay Park ÂèàËÑ±‰∫ÜÔºÅÊú¥Á§æÈï∑ÁöÑ‰∫ãÊ•≠‰∫∫ÁîüËßÄ„ÄÅË°åËµ∞Ë≥ÄÁàæËíôÊú¥ÂÆ∞ÁØÑÈÄöÈÄöÁ¥ã‰∏äË∫´ÔºÅÔΩúÂà∫ÈùíÊóÖË°åÔΩúGQ Taiwan.wav,481.0,8:01,ÊÉ≥Ë¶ÅÊàêÁÇ∫RapStarÂóéÔºüJay Park ÂèàËÑ±‰∫ÜÔºÅÊú¥Á§æÈï∑ÁöÑ‰∫ãÊ•≠‰∫∫ÁîüËßÄ„ÄÅË°åËµ∞Ë≥ÄÁàæËíôÊú¥ÂÆ∞ÁØÑÈÄöÈÄöÁ¥ã‰∏äË∫´ÔºÅÔΩúÂà∫ÈùíÊóÖË°åÔΩúGQ Taiwan,48000.0,/scratch/fc2355/separated_speech/htdemucs_ft/ÊÉ≥Ë¶ÅÊàêÁÇ∫RapStarÂóéJay_Park_ÂèàËÑ±‰∫ÜÊú¥Á§æÈï∑ÁöÑ‰∫ãÊ•≠‰∫∫ÁîüËßÄË°åËµ∞Ë≥ÄÁàæËíôÊú¥ÂÆ∞ÁØÑÈÄöÈÄöÁ¥ã‰∏äË∫´Âà∫ÈùíÊóÖË°åGQ_Taiwan/vocals.wav
/scratch/fc2355/RawDataOfRapAndSpeech/SpeechRawData/10 Things Hailey Bieber Can't Live Without ÔΩú GQ.wav,329,5:29,10 Things Hailey Bieber Can't Live Without | GQ,48000,/scratch/fc2355/separated_speech/htdemucs_ft/10_Things_Hailey_Bieber_Cant_Live_Without_GQ/vocals.wav
/scratch/fc2355/RawDataOfRapAndSpeech/SpeechRawData/10 Things Karl-Anthony Towns Can't Live Without ÔΩú GQ Sports.wav,662,11:02,10 Things Karl-Anthony Towns Can't Live Without | GQ Sports,48000,/scratch/fc2355/separated_speech/htdemucs_ft/10_Things_KarlAnthony_Towns_Cant_Live_Without_GQ_Sports/vocals.wav
/scratch/fc2355/RawDataOfRapAndSpeech/SpeechRawData/50 Cent Answers the Web's Most Searched Questions ÔΩú WIRED.wav,285,4:45,50 Cent Answers the Web's Most Searched Questions | WIRED,48000,/scratch/fc2355/separated_speech/htdemucs_ft/50_Cent_Answers_the_Webs_Most_Searched_Questions_WIRED/vocals.wav
/scratch/fc2355/RawDataOfRapAndSpeech/SpeechRawData/Devin Haney & Ryan Garcia Have an Epic Conversation ÔΩú One on One ÔΩú GQ Sports.wav,481,8:01,Devin Haney & Ryan Garcia Have an Epic Conversation | One on One | GQ Sports,48000,/scratch/fc2355/separated_speech/htdemucs_ft/Devin_Haney_Ryan_Garcia_Have_an_Epic_Conversation_One_on_One_GQ_Sports/vocals.wav
/scratch/fc2355/RawDataOfRapAndSpeech/SpeechRawData/Lana Del Rey Reveals Taylor Swift 'Snow On The Beach' Collab Story ÔΩú All About Me ÔΩú Harper's BAZAAR.wav,452,7:32,Lana Del Rey Reveals Taylor Swift 'Snow On The Beach' Collab Story | All About Me | Harper's BAZAAR,48000,/scratch/fc2355/separated_speech/htdemucs_ft/Lana_Del_Rey_Reveals_Taylor_Swift_Snow_On_The_Beach_Collab_Story_All_About_Me_Harpers_BAZAAR/vocals.wav
/scratch/fc2355/RawDataOfRapAndSpeech/SpeechRawData/Inside Central Cee‚Äôs Louis Vuitton Bag ÔΩú In The Bag.wav,260,4:20,Inside Central Cee–≤–Ç‚Ñ¢s Louis Vuitton Bag | In The Bag,48000,/scratch/fc2355/separated_speech/htdemucs_ft/Inside_Central_Cees_Louis_Vuitton_Bag_In_The_Bag/vocals.wav
/scratch/fc2355/RawDataOfRapAndSpeech/SpeechRawData/10 Things Ella Mai Can't Live Without ÔΩú GQ.wav,433,7:13,10 Things Ella Mai Can't Live Without | GQ,48000,/scratch/fc2355/separated_speech/htdemucs_ft/10_Things_Ella_Mai_Cant_Live_Without_GQ/vocals.wav
/scratch/fc2355/RawDataOfRapAndSpeech/SpeechRawData/Old Money Aesthetic Secrets For Fall‚ß∏Winter (timeless).wav,216,3:36,Old Money Aesthetic Secrets For Fall/Winter (timeless),48000,/scratch/fc2355/separated_speech/htdemucs_ft/Old_Money_Aesthetic_Secrets_For_FallWinter_timeless/vocals.wav
/scratch/fc2355/RawDataOfRapAndSpeech/SpeechRawData/Advice Billie Eilish Would Give To Her 2019 Self. ‚≠ê ÔΩúÔΩú Bilomilo.wav,36,36,Advice Billie Eilish Would Give To Her 2019 Self. –≤¬≠—í || Bilomilo,48000,/scratch/fc2355/separated_speech/htdemucs_ft/Advice_Billie_Eilish_Would_Give_To_Her_2019_Self_Bilomilo/vocals.wav
/scratch/fc2355/RawDataOfRapAndSpeech/SpeechRawData/10 Things Formula 1 Driver George Russell Can‚Äôt Live Without ÔΩú 10 Essentials.wav,480,8:00,10 Things Formula 1 Driver George Russell Can–≤–Ç‚Ñ¢t Live Without | 10 Essentials,48000,/scratch/fc2355/separated_speech/htdemucs_ft/10_Things_Formula_1_Driver_George_Russell_Cant_Live_Without_10_Essentials/vocals.wav
/scratch/fc2355/RawDataOfRapAndSpeech/SpeechRawData/10 Things Shaun White Can't Live Without ÔΩú GQ Sports.wav,538,8:58,10 Things Shaun White Can't Live Without | GQ Sports,48000,/scratch/fc2355/separated_speech/htdemucs_ft/10_Things_Shaun_White_Cant_Live_Without_GQ_Sports/vocals.wav
/scratch/fc2355/RawDataOfRapAndSpeech/SpeechRawData/10 Things Bear Grylls Can't Live Without ÔΩú GQ.wav,526,8:46,10 Things Bear Grylls Can't Live Without | GQ,48000,/scratch/fc2355/separated_speech/htdemucs_ft/10_Things_Bear_Grylls_Cant_Live_Without_GQ/vocals.wav
/scratch/fc2355/RawDataOfRapAndSpeech/SpeechRawData/10 Things Euphoria's Hunter Schafer Can't Live Without ÔΩú GQ.wav,536,8:56,10 Things Euphoria's Hunter Schafer Can't Live Without | GQ,48000,/scratch/fc2355/separated_speech/htdemucs_ft/10_Things_Euphorias_Hunter_Schafer_Cant_Live_Without_GQ/vocals.wav
/scratch/fc2355/RawDataOfRapAndSpeech/SpeechRawData/GloRilla Shows Off Her Insane Jewelry Collection ÔΩú On the Rocks ÔΩú GQ.wav,297,4:57,GloRilla Shows Off Her Insane Jewelry Collection | On the Rocks | GQ,48000,/scratch/fc2355/separated_speech/htdemucs_ft/GloRilla_Shows_Off_Her_Insane_Jewelry_Collection_On_the_Rocks_GQ/vocals.wav
/scratch/fc2355/RawDataOfRapAndSpeech/SpeechRawData/Billie Eilish Gets Ready for the Met Gala ÔΩú Vogue.wav,241,4:01,Billie Eilish Gets Ready for the Met Gala | Vogue,48000,/scratch/fc2355/separated_speech/htdemucs_ft/Billie_Eilish_Gets_Ready_for_the_Met_Gala_Vogue/vocals.wav
/scratch/fc2355/RawDataOfRapAndSpeech/SpeechRawData/10 Things Kai Cenat Can't Live Without ÔΩú GQ.wav,703,11:43,10 Things Kai Cenat Can't Live Without | GQ,48000,/scratch/fc2355/separated_speech/htdemucs_ft/10_Things_Kai_Cenat_Cant_Live_Without_GQ/vocals.wav
/scratch/fc2355/RawDataOfRapAndSpeech/SpeechRawData/Ariana Grande talks about beauty üíÖ ÔΩúÔΩú #shorts #arianagrande.wav,7,7,Ariana Grande talks about beauty —Ä—ü‚Äô‚Ä¶ || #shorts #arianagrande,48000,/scratch/fc2355/separated_speech/htdemucs_ft/Ariana_Grande_talks_about_beauty_shorts_arianagrande/vocals.wav
/scratch/fc2355/RawDataOfRapAndSpeech/SpeechRawData/10 Things Yungblud Can't Live Without ÔΩú GQ.wav,462,7:42,10 Things Yungblud Can't Live Without | GQ,48000,/scratch/fc2355/separated_speech/htdemucs_ft/10_Things_Yungblud_Cant_Live_Without_GQ/vocals.wav
/scratch/fc2355/RawDataOfRapAndSpeech/SpeechRawData/10Ôºä Things Davido Can‚Äôt Live Without ÔΩú 10 Essentials.wav,416,6:56,10* Things Davido Can–≤–Ç‚Ñ¢t Live Without | 10 Essentials,48000,/scratch/fc2355/separated_speech/htdemucs_ft/10_Things_Davido_Cant_Live_Without_10_Essentials/vocals.wav
/scratch/fc2355/RawDataOfRapAndSpeech/SpeechRawData/10 Things Devin Booker Can't Live Without ÔΩú GQ Sports.wav,393,6:33,10 Things Devin Booker Can't Live Without | GQ Sports,48000,/scratch/fc2355/separated_speech/htdemucs_ft/10_Things_Devin_Booker_Cant_Live_Without_GQ_Sports/vocals.wav
/scratch/fc2355/RawDataOfRapAndSpeech/SpeechRawData/10 Things Trae Young Can't Live Without ÔΩú GQ Sports.wav,513,8:33,10 Things Trae Young Can't Live Without | GQ Sports,48000,/scratch/fc2355/separated_speech/htdemucs_ft/10_Things_Trae_Young_Cant_Live_Without_GQ_Sports/vocals.wav
/scratch/fc2355/RawDataOfRapAndSpeech/SpeechRawData/10 Things FKA twigs Can't Live Without ÔΩú 10 Essentials.wav,508,8:28,10 Things FKA twigs Can't Live Without | 10 Essentials,48000,/scratch/fc2355/separated_speech/htdemucs_ft/10_Things_FKA_twigs_Cant_Live_Without_10_Essentials/vocals.wav
/scratch/fc2355/RawDataOfRapAndSpeech/SpeechRawData/10 Things Lil Tjay Can't Live Without ÔΩú GQ.wav,481,8:01,10 Things Lil Tjay Can't Live Without | GQ,48000,/scratch/fc2355/separated_speech/htdemucs_ft/10_Things_Lil_Tjay_Cant_Live_Without_GQ/vocals.wav
/scratch/fc2355/RawDataOfRapAndSpeech/SpeechRawData/10 Things England's Bukayo Saka Can't Live Without ÔΩú 10 Essentials.wav,430,7:10,10 Things England's Bukayo Saka Can't Live Without | 10 Essentials,48000,/scratch/fc2355/separated_speech/htdemucs_ft/10_Things_Englands_Bukayo_Saka_Cant_Live_Without_10_Essentials/vocals.wav
/scratch/fc2355/RawDataOfRapAndSpeech/SpeechRawData/10 Things Chris Stapleton Can't Live Without ÔΩú GQ.wav,537,8:57,10 Things Chris Stapleton Can't Live Without | GQ,48000,/scratch/fc2355/separated_speech/htdemucs_ft/10_Things_Chris_Stapleton_Cant_Live_Without_GQ/vocals.wav
/scratch/fc2355/RawDataOfRapAndSpeech/SpeechRawData/GRWM for a DATE while i talk about my relationship.wav,829,13:49,GRWM for a DATE while i talk about my relationship,48000,/scratch/fc2355/separated_speech/htdemucs_ft/GRWM_for_a_DATE_while_i_talk_about_my_relationship/vocals.wav
/scratch/fc2355/RawDataOfRapAndSpeech/SpeechRawData/10 Things Brooklyn Nets' Mikal Bridges Can't Live Without ÔΩú GQ Sports.wav,427,7:07,10 Things Brooklyn Nets' Mikal Bridges Can't Live Without | GQ Sports,48000,/scratch/fc2355/separated_speech/htdemucs_ft/10_Things_Brooklyn_Nets_Mikal_Bridges_Cant_Live_Without_GQ_Sports/vocals.wav
/scratch/fc2355/RawDataOfRapAndSpeech/SpeechRawData/10 Things Liza Koshy Can't Live Without ÔΩú GQ.wav,505,8:25,10 Things Liza Koshy Can't Live Without | GQ,48000,/scratch/fc2355/separated_speech/htdemucs_ft/10_Things_Liza_Koshy_Cant_Live_Without_GQ/vocals.wav
/scratch/fc2355/RawDataOfRapAndSpeech/SpeechRawData/10 Things OKC Thunder's Jalen Williams Can't Live Without ÔΩú GQ Sports.wav,426,7:06,10 Things OKC Thunder's Jalen Williams Can't Live Without | GQ Sports,48000,/scratch/fc2355/separated_speech/htdemucs_ft/10_Things_OKC_Thunders_Jalen_Williams_Cant_Live_Without_GQ_Sports/vocals.wav
/scratch/fc2355/RawDataOfRapAndSpeech/SpeechRawData/10 Things Glen Powell Can't Live Without ÔΩú GQ.wav,430,7:10,10 Things Glen Powell Can't Live Without | GQ,48000,/scratch/fc2355/separated_speech/htdemucs_ft/10_Things_Glen_Powell_Cant_Live_Without_GQ/vocals.wav
"/scratch/fc2355/RawDataOfRapAndSpeech/SpeechRawData/Tyla Talks Wildest DMs She's Received, Recent Texts, Viral Tweets ÔΩú What's In Your PhoneÔºü.wav",466,7:46,"Tyla Talks Wildest DMs She's Received, Recent Texts, Viral Tweets | What's In Your Phone?",48000,/scratch/fc2355/separated_speech/htdemucs_ft/Tyla_Talks_Wildest_DMs_Shes_Received_Recent_Texts_Viral_Tweets_Whats_In_Your_Phone/vocals.wav
/scratch/fc2355/RawDataOfRapAndSpeech/SpeechRawData/Tom Holland Met Superman...wav,18,18,Tom Holland Met Superman..,48000,/scratch/fc2355/separated_speech/htdemucs_ft/Tom_Holland_Met_Superman/vocals.wav
/scratch/fc2355/RawDataOfRapAndSpeech/SpeechRawData/Inside Miley Cyrus‚Äôs Versace Handbag ÔΩú In The Bag.wav,251,4:11,Inside Miley Cyrus–≤–Ç‚Ñ¢s Versace Handbag | In The Bag,48000,/scratch/fc2355/separated_speech/htdemucs_ft/Inside_Miley_Cyruss_Versace_Handbag_In_The_Bag/vocals.wav
/scratch/fc2355/RawDataOfRapAndSpeech/SpeechRawData/10 Things Simu Liu Can't Live Without ÔΩú GQ.wav,528,8:48,10 Things Simu Liu Can't Live Without | GQ,48000,/scratch/fc2355/separated_speech/htdemucs_ft/10_Things_Simu_Liu_Cant_Live_Without_GQ/vocals.wav
/scratch/fc2355/RawDataOfRapAndSpeech/SpeechRawData/10 Things UFC's Chito Vera Can't Live Without ÔΩú GQ Sports.wav,515,8:35,10 Things UFC's Chito Vera Can't Live Without | GQ Sports,48000,/scratch/fc2355/separated_speech/htdemucs_ft/10_Things_UFCs_Chito_Vera_Cant_Live_Without_GQ_Sports/vocals.wav
/scratch/fc2355/RawDataOfRapAndSpeech/SpeechRawData/Cardi B Replies to Fans on the Internet ÔΩú Actually Me ÔΩú GQ.wav,342,5:42,Cardi B Replies to Fans on the Internet | Actually Me | GQ,48000,/scratch/fc2355/separated_speech/htdemucs_ft/Cardi_B_Replies_to_Fans_on_the_Internet_Actually_Me_GQ/vocals.wav
/scratch/fc2355/RawDataOfRapAndSpeech/SpeechRawData/Kaia GerberÔºö In The Bag ÔΩú Episode 15 ÔΩú British Vogue & Jimmy Choo.wav,147,2:27,Kaia Gerber: In The Bag | Episode 15 | British Vogue & Jimmy Choo,48000,/scratch/fc2355/separated_speech/htdemucs_ft/Kaia_Gerber_In_The_Bag_Episode_15_British_Vogue_Jimmy_Choo/vocals.wav
/scratch/fc2355/RawDataOfRapAndSpeech/SpeechRawData/10 Things Olivia Rodrigo Can't Live Without ÔΩú GQ.wav,505,8:25,10 Things Olivia Rodrigo Can't Live Without | GQ,48000,/scratch/fc2355/separated_speech/htdemucs_ft/10_Things_Olivia_Rodrigo_Cant_Live_Without_GQ/vocals.wav
/scratch/fc2355/RawDataOfRapAndSpeech/SpeechRawData/10 Things Deandre Ayton Can't Live Without ÔΩú GQ Sports.wav,524,8:44,10 Things Deandre Ayton Can't Live Without | GQ Sports,48000,/scratch/fc2355/separated_speech/htdemucs_ft/10_Things_Deandre_Ayton_Cant_Live_Without_GQ_Sports/vocals.wav
/scratch/fc2355/RawDataOfRapAndSpeech/SpeechRawData/È•íËàåÂ§©ÂêéÈ∫ªËæ£ÈõûNicki MinajÊ≠∑Âπ¥ÈÄ†ÂûãÁõ§ÈªûÔºÅMet GalaÁàÜ‰π≥Ë£ùÂ∑ÆÈªûËµ∞ÂÖâÔºå‰∏ãÂÆöÊ±∫ÂøÉÂÅöÁ∏Æ‰π≥ÊâãË°ìÔºÅÔΩúÊòéÊòüÁ∂ìÂÖ∏Á©øÊê≠ÔΩúVogue Taiwan.wav,564.0,9:24,È•íËàåÂ§©ÂêéÈ∫ªËæ£ÈõûNicki MinajÊ≠∑Âπ¥ÈÄ†ÂûãÁõ§ÈªûÔºÅMet GalaÁàÜ‰π≥Ë£ùÂ∑ÆÈªûËµ∞ÂÖâÔºå‰∏ãÂÆöÊ±∫ÂøÉÂÅöÁ∏Æ‰π≥ÊâãË°ìÔºÅÔΩúÊòéÊòüÁ∂ìÂÖ∏Á©øÊê≠ÔΩúVogue Taiwan,48000.0,/scratch/fc2355/separated_speech/htdemucs_ft/È•íËàåÂ§©ÂêéÈ∫ªËæ£ÈõûNicki_MinajÊ≠∑Âπ¥ÈÄ†ÂûãÁõ§ÈªûMet_GalaÁàÜ‰π≥Ë£ùÂ∑ÆÈªûËµ∞ÂÖâ‰∏ãÂÆöÊ±∫ÂøÉÂÅöÁ∏Æ‰π≥ÊâãË°ìÊòéÊòüÁ∂ìÂÖ∏Á©øÊê≠Vogue_Taiwan/vocals.wav
/scratch/fc2355/RawDataOfRapAndSpeech/SpeechRawData/10 Things LaKeith Stanfield Can't Live Without ÔΩú GQ.wav,512,8:32,10 Things LaKeith Stanfield Can't Live Without | GQ,48000,/scratch/fc2355/separated_speech/htdemucs_ft/10_Things_LaKeith_Stanfield_Cant_Live_Without_GQ/vocals.wav
/scratch/fc2355/RawDataOfRapAndSpeech/SpeechRawData/10 Things RosaliÃÅa Can't Live Without ÔΩú GQ.wav,416,6:56,10 Things Rosal–ì¬≠a Can't Live Without | GQ,48000,/scratch/fc2355/separated_speech/htdemucs_ft/10_Things_Rosalia_Cant_Live_Without_GQ/vocals.wav
/scratch/fc2355/RawDataOfRapAndSpeech/SpeechRawData/10 Things Amelia Dimoldenberg Can‚Äôt Live Without ÔΩú 10 Essentials.wav,521,8:41,10 Things Amelia Dimoldenberg Can–≤–Ç‚Ñ¢t Live Without | 10 Essentials,48000,/scratch/fc2355/separated_speech/htdemucs_ft/10_Things_Amelia_Dimoldenberg_Cant_Live_Without_10_Essentials/vocals.wav
/scratch/fc2355/RawDataOfRapAndSpeech/SpeechRawData/10 Things Ed Sheeran Can't Live Without ÔΩú GQ.wav,503,8:23,10 Things Ed Sheeran Can't Live Without | GQ,48000,/scratch/fc2355/separated_speech/htdemucs_ft/10_Things_Ed_Sheeran_Cant_Live_Without_GQ/vocals.wav
"/scratch/fc2355/RawDataOfRapAndSpeech/SpeechRawData/Zendaya Breaks Down 23 Looks, From Euphoria to Dune ÔΩú Life in Looks ÔΩú Vogue.wav",872,14:32,"Zendaya Breaks Down 23 Looks, From Euphoria to Dune | Life in Looks | Vogue",48000,/scratch/fc2355/separated_speech/htdemucs_ft/Zendaya_Breaks_Down_23_Looks_From_Euphoria_to_Dune_Life_in_Looks_Vogue/vocals.wav
/scratch/fc2355/RawDataOfRapAndSpeech/SpeechRawData/Zendaya Explains the Story Behind Her Iconic Breastplate Look ÔΩú Fashion Flashback ÔΩú Harper's BAZAAR.wav,566,9:26,Zendaya Explains the Story Behind Her Iconic Breastplate Look | Fashion Flashback | Harper's BAZAAR,48000,/scratch/fc2355/separated_speech/htdemucs_ft/Zendaya_Explains_the_Story_Behind_Her_Iconic_Breastplate_Look_Fashion_Flashback_Harpers_BAZAAR/vocals.wav
/scratch/fc2355/RawDataOfRapAndSpeech/SpeechRawData/Hailee SteinfeldÔºö In The Bag ÔΩú Episode 43 ÔΩú British Vogue.wav,310,5:10,Hailee Steinfeld: In The Bag | Episode 43 | British Vogue,48000,/scratch/fc2355/separated_speech/htdemucs_ft/Hailee_Steinfeld_In_The_Bag_Episode_43_British_Vogue/vocals.wav
/scratch/fc2355/RawDataOfRapAndSpeech/SpeechRawData/The Trip that Changed the Way I Make Art Forever.wav,493,8:13,The Trip that Changed the Way I Make Art Forever,48000,/scratch/fc2355/separated_speech/htdemucs_ft/The_Trip_that_Changed_the_Way_I_Make_Art_Forever/vocals.wav
/scratch/fc2355/RawDataOfRapAndSpeech/SpeechRawData/10 Things Millie Bobby Brown Can't Live Without ÔΩú GQ.wav,482,8:02,10 Things Millie Bobby Brown Can't Live Without | GQ,48000,/scratch/fc2355/separated_speech/htdemucs_ft/10_Things_Millie_Bobby_Brown_Cant_Live_Without_GQ/vocals.wav
/scratch/fc2355/RawDataOfRapAndSpeech/SpeechRawData/10 Things Patrick Mahomes Can't Live Without ÔΩú GQ Sports.wav,395,6:35,10 Things Patrick Mahomes Can't Live Without | GQ Sports,48000,/scratch/fc2355/separated_speech/htdemucs_ft/10_Things_Patrick_Mahomes_Cant_Live_Without_GQ_Sports/vocals.wav
/scratch/fc2355/RawDataOfRapAndSpeech/SpeechRawData/10 Things Paul Mescal Can‚Äôt Live Without ÔΩú 10 Essentials.wav,441,7:21,10 Things Paul Mescal Can–≤–Ç‚Ñ¢t Live Without | 10 Essentials,48000,/scratch/fc2355/separated_speech/htdemucs_ft/10_Things_Paul_Mescal_Cant_Live_Without_10_Essentials/vocals.wav
/scratch/fc2355/RawDataOfRapAndSpeech/SpeechRawData/10 Things USWNT Forward Trinity Rodman Can't Live Without ÔΩú GQ Sports.wav,650,10:50,10 Things USWNT Forward Trinity Rodman Can't Live Without | GQ Sports,48000,/scratch/fc2355/separated_speech/htdemucs_ft/10_Things_USWNT_Forward_Trinity_Rodman_Cant_Live_Without_GQ_Sports/vocals.wav
/scratch/fc2355/RawDataOfRapAndSpeech/SpeechRawData/10 Things Kyrie Irving Can't Live Without ÔΩú GQ Sports.wav,353,5:53,10 Things Kyrie Irving Can't Live Without | GQ Sports,48000,/scratch/fc2355/separated_speech/htdemucs_ft/10_Things_Kyrie_Irving_Cant_Live_Without_GQ_Sports/vocals.wav
/scratch/fc2355/RawDataOfRapAndSpeech/SpeechRawData/10 Things Andrew Garfield Can‚Äôt Live Without ÔΩú 10 Essentials.wav,542,9:02,10 Things Andrew Garfield Can–≤–Ç‚Ñ¢t Live Without | 10 Essentials,48000,/scratch/fc2355/separated_speech/htdemucs_ft/10_Things_Andrew_Garfield_Cant_Live_Without_10_Essentials/vocals.wav
/scratch/fc2355/RawDataOfRapAndSpeech/SpeechRawData/Fanum Answers The Web's Most Searched Questions ÔΩú WIRED.wav,531,8:51,Fanum Answers The Web's Most Searched Questions | WIRED,48000,/scratch/fc2355/separated_speech/htdemucs_ft/Fanum_Answers_The_Webs_Most_Searched_Questions_WIRED/vocals.wav
/scratch/fc2355/RawDataOfRapAndSpeech/SpeechRawData/10 Things Ruby Rose Can't Live Without ÔΩú GQ.wav,612,10:12,10 Things Ruby Rose Can't Live Without | GQ,48000,/scratch/fc2355/separated_speech/htdemucs_ft/10_Things_Ruby_Rose_Cant_Live_Without_GQ/vocals.wav
/scratch/fc2355/RawDataOfRapAndSpeech/SpeechRawData/10 Things UFC Fighter Paddy Pimblett Can't Live Without ÔΩú GQ Sports.wav,417,6:57,10 Things UFC Fighter Paddy Pimblett Can't Live Without | GQ Sports,48000,/scratch/fc2355/separated_speech/htdemucs_ft/10_Things_UFC_Fighter_Paddy_Pimblett_Cant_Live_Without_GQ_Sports/vocals.wav
/scratch/fc2355/RawDataOfRapAndSpeech/SpeechRawData/Inside Justin Bieber's Tour Bus ÔΩú GQ.wav,488,8:08,Inside Justin Bieber's Tour Bus | GQ,48000,/scratch/fc2355/separated_speech/htdemucs_ft/Inside_Justin_Biebers_Tour_Bus_GQ/vocals.wav
/scratch/fc2355/RawDataOfRapAndSpeech/SpeechRawData/10 Things F1 Driver Alex Albon Can't Live Without ÔΩú GQ Sports.wav,508,8:28,10 Things F1 Driver Alex Albon Can't Live Without | GQ Sports,48000,/scratch/fc2355/separated_speech/htdemucs_ft/10_Things_F1_Driver_Alex_Albon_Cant_Live_Without_GQ_Sports/vocals.wav
/scratch/fc2355/RawDataOfRapAndSpeech/SpeechRawData/10 Things Jalen Hurts Can't Live Without ÔΩú GQ Sports.wav,455,7:35,10 Things Jalen Hurts Can't Live Without | GQ Sports,48000,/scratch/fc2355/separated_speech/htdemucs_ft/10_Things_Jalen_Hurts_Cant_Live_Without_GQ_Sports/vocals.wav
/scratch/fc2355/RawDataOfRapAndSpeech/SpeechRawData/Taylor HillÔºö In the Bag ÔΩú Episode 1 ÔΩú British Vogue.wav,216,3:36,Taylor Hill: In the Bag | Episode 1 | British Vogue,48000,/scratch/fc2355/separated_speech/htdemucs_ft/Taylor_Hill_In_the_Bag_Episode_1_British_Vogue/vocals.wav
/scratch/fc2355/RawDataOfRapAndSpeech/SpeechRawData/10 Things Las Vegas Aces' Kelsey Plum Can't Live Without ÔΩú GQ Sports.wav,368,6:08,10 Things Las Vegas Aces' Kelsey Plum Can't Live Without | GQ Sports,48000,/scratch/fc2355/separated_speech/htdemucs_ft/10_Things_Las_Vegas_Aces_Kelsey_Plum_Cant_Live_Without_GQ_Sports/vocals.wav
/scratch/fc2355/RawDataOfRapAndSpeech/SpeechRawData/10 Things Tyson Fury Can't Live Without ÔΩú GQ Sports.wav,447,7:27,10 Things Tyson Fury Can't Live Without | GQ Sports,48000,/scratch/fc2355/separated_speech/htdemucs_ft/10_Things_Tyson_Fury_Cant_Live_Without_GQ_Sports/vocals.wav
/scratch/fc2355/RawDataOfRapAndSpeech/SpeechRawData/10 Things Olympic Skier Mikaela Shiffrin Can't Live Without ÔΩú GQ Sports.wav,482,8:02,10 Things Olympic Skier Mikaela Shiffrin Can't Live Without | GQ Sports,48000,/scratch/fc2355/separated_speech/htdemucs_ft/10_Things_Olympic_Skier_Mikaela_Shiffrin_Cant_Live_Without_GQ_Sports/vocals.wav
/scratch/fc2355/RawDataOfRapAndSpeech/SpeechRawData/10 Things Sacramento Kings' Malik Monk Can't Live Without ÔΩú GQ Sports.wav,391,6:31,10 Things Sacramento Kings' Malik Monk Can't Live Without | GQ Sports,48000,/scratch/fc2355/separated_speech/htdemucs_ft/10_Things_Sacramento_Kings_Malik_Monk_Cant_Live_Without_GQ_Sports/vocals.wav
/scratch/fc2355/RawDataOfRapAndSpeech/SpeechRawData/Dua Lipa answers the questions fans really want to know ÔΩú British GQ.wav,193,3:13,Dua Lipa answers the questions fans really want to know | British GQ,48000,/scratch/fc2355/separated_speech/htdemucs_ft/Dua_Lipa_answers_the_questions_fans_really_want_to_know_British_GQ/vocals.wav
/scratch/fc2355/RawDataOfRapAndSpeech/SpeechRawData/10 Things Young M.A Can't Live Without ÔΩú GQ.wav,624,10:24,10 Things Young M.A Can't Live Without | GQ,48000,/scratch/fc2355/separated_speech/htdemucs_ft/10_Things_Young_MA_Cant_Live_Without_GQ/vocals.wav
/scratch/fc2355/RawDataOfRapAndSpeech/SpeechRawData/Angelina JolieÔºö In The Bag ÔΩú Episode 44 ÔΩú British Vogue.wav,113,1:53,Angelina Jolie: In The Bag | Episode 44 | British Vogue,48000,/scratch/fc2355/separated_speech/htdemucs_ft/Angelina_Jolie_In_The_Bag_Episode_44_British_Vogue/vocals.wav
/scratch/fc2355/RawDataOfRapAndSpeech/SpeechRawData/10 Things Tana Mongeau Can‚Äôt Live Without ÔΩú Bootleg GQ.wav,1115,18:35,10 Things Tana Mongeau Can–≤–Ç‚Ñ¢t Live Without | Bootleg GQ,48000,/scratch/fc2355/separated_speech/htdemucs_ft/10_Things_Tana_Mongeau_Cant_Live_Without_Bootleg_GQ/vocals.wav
/scratch/fc2355/RawDataOfRapAndSpeech/SpeechRawData/10 Things Sydney Sweeney Can't Live Without ÔΩú GQ.wav,387,6:27,10 Things Sydney Sweeney Can't Live Without | GQ,48000,/scratch/fc2355/separated_speech/htdemucs_ft/10_Things_Sydney_Sweeney_Cant_Live_Without_GQ/vocals.wav
/scratch/fc2355/RawDataOfRapAndSpeech/SpeechRawData/10 Things Jeezy Can't Live Without ÔΩú GQ.wav,513,8:33,10 Things Jeezy Can't Live Without | GQ,48000,/scratch/fc2355/separated_speech/htdemucs_ft/10_Things_Jeezy_Cant_Live_Without_GQ/vocals.wav